City_ID,City,Country,Date,Lat,Lng,Max Temp,Humidity,Cloudiness,Wind Speed,Current Description
0,lompoc,US,2022-05-13 20:59:03,34.6391,-120.4579,93.34,53,0,21.99,clear sky
1,jamestown,US,2022-05-13 20:55:05,42.097,-79.2353,78.44,50,75,14.97,broken clouds
2,bredasdorp,ZA,2022-05-13 21:00:04,-34.5322,20.0403,55.36,74,79,7.2,broken clouds
3,ushuaia,AR,2022-05-13 20:56:02,-54.8,-68.3,42.46,93,75,10.36,broken clouds
4,vaini,TO,2022-05-13 21:00:05,-21.2,-175.2,74.84,65,39,18.34,light rain
5,punta arenas,CL,2022-05-13 21:00:05,-53.15,-70.9167,44.11,70,100,8.28,overcast clouds
6,mataura,NZ,2022-05-13 21:00:06,-46.1927,168.8643,52.48,97,100,2.51,overcast clouds
7,tasiilaq,GL,2022-05-13 21:00:08,65.6145,-37.6368,24.89,66,42,1.57,scattered clouds
8,carnarvon,AU,2022-05-13 21:00:09,-24.8667,113.6333,64.58,62,0,19.39,clear sky
9,juan lacaze,UY,2022-05-13 21:00:10,-34.4342,-57.4381,62.11,64,100,4.05,overcast clouds
10,mahebourg,MU,2022-05-13 21:00:10,-20.4081,57.7,70.25,72,24,11.27,few clouds
11,whitehorse,CA,2022-05-13 21:00:07,60.7161,-135.0538,44.46,68,48,7.07,scattered clouds
12,pontianak,ID,2022-05-13 21:00:10,-0.0333,109.3333,73.38,100,100,3.44,light rain
13,sungairaya,ID,2022-05-13 21:00:11,0.7,108.9,78.62,82,100,4.52,overcast clouds
14,nago,JP,2022-05-13 21:00:12,26.5881,127.9761,75.63,93,100,7.74,overcast clouds
15,albany,US,2022-05-13 20:56:53,42.6001,-73.9662,84.92,50,30,4.0,scattered clouds
16,mar del plata,AR,2022-05-13 20:57:23,-38.0023,-57.5575,57.94,83,100,4.61,overcast clouds
17,fortuna,US,2022-05-13 21:00:12,40.5982,-124.1573,63.91,80,100,8.05,overcast clouds
18,kavieng,PG,2022-05-13 21:00:13,-2.5744,150.7967,82.13,73,70,10.4,broken clouds
19,coquimbo,CL,2022-05-13 21:00:13,-29.9533,-71.3436,60.91,76,0,6.82,clear sky
20,hilo,US,2022-05-13 20:57:17,19.7297,-155.09,83.28,80,26,10.0,scattered clouds
21,dikson,RU,2022-05-13 21:00:14,73.5069,80.5464,32.97,98,100,14.34,light snow
22,port alfred,ZA,2022-05-13 20:58:56,-33.5906,26.891,62.33,79,58,11.95,broken clouds
23,yellowknife,CA,2022-05-13 20:55:43,62.456,-114.3525,59.52,33,40,17.27,scattered clouds
24,upernavik,GL,2022-05-13 21:00:15,72.7868,-56.1549,19.36,81,26,1.48,scattered clouds
25,chapais,CA,2022-05-13 21:00:15,49.7834,-74.8492,72.68,63,91,9.73,overcast clouds
26,kruisfontein,ZA,2022-05-13 21:00:15,-34.0033,24.7314,60.89,77,53,11.34,broken clouds
27,lisakovsk,KZ,2022-05-13 21:00:16,52.5369,62.4936,55.76,75,99,19.77,overcast clouds
28,bluff,NZ,2022-05-13 21:00:16,-46.6,168.3333,52.81,90,87,8.63,overcast clouds
29,hovd,MN,2022-05-13 21:00:17,48.0056,91.6419,46.67,37,0,2.62,clear sky
30,yar-sale,RU,2022-05-13 21:00:17,66.8333,70.8333,36.99,85,100,10.13,overcast clouds
31,rikitea,PF,2022-05-13 21:00:18,-23.1203,-134.9692,77.38,75,87,19.77,overcast clouds
32,avarua,CK,2022-05-13 21:00:19,-21.2078,-159.775,81.16,81,94,21.61,overcast clouds
33,coahuayana,MX,2022-05-13 21:00:19,18.7333,-103.6833,92.77,39,100,8.46,overcast clouds
34,taoudenni,ML,2022-05-13 21:00:19,22.6783,-3.9836,90.39,9,85,12.62,overcast clouds
35,faanui,PF,2022-05-13 21:00:20,-16.4833,-151.75,81.5,70,6,17.07,clear sky
36,bambous virieux,MU,2022-05-13 21:00:21,-20.3428,57.7575,70.21,71,35,11.95,scattered clouds
37,hobart,AU,2022-05-13 20:57:15,-42.8794,147.3294,55.26,92,75,10.36,light rain
38,mehamn,NO,2022-05-13 21:00:21,71.0357,27.8492,35.51,85,100,17.85,overcast clouds
39,port moresby,PG,2022-05-13 20:56:07,-9.4431,147.1797,72.82,100,20,5.75,few clouds
40,fiumicino,IT,2022-05-13 21:00:22,41.7675,12.2291,69.35,74,0,5.75,clear sky
41,victoria,HK,2022-05-13 20:58:39,22.2855,114.1577,77.95,96,95,6.38,light rain
42,ribeira grande,PT,2022-05-13 21:00:23,38.5167,-28.7,61.05,71,100,3.33,overcast clouds
43,zhuhai,CN,2022-05-13 21:00:23,22.2769,113.5678,76.78,100,40,10.36,scattered clouds
44,pacific grove,US,2022-05-13 21:00:24,36.6177,-121.9166,78.55,74,2,10.0,clear sky
45,new norfolk,AU,2022-05-13 21:00:24,-42.7826,147.0587,54.91,87,100,2.17,moderate rain
46,korla,CN,2022-05-13 21:00:25,41.7597,86.1469,65.88,26,97,6.35,overcast clouds
47,sept-iles,CA,2022-05-13 20:56:40,50.2001,-66.3821,47.05,85,75,3.44,light rain
48,lagos,NG,2022-05-13 20:55:53,6.5833,3.75,84.52,83,99,5.79,overcast clouds
49,maputo,MZ,2022-05-13 20:58:25,-25.9653,32.5892,73.22,90,0,9.22,clear sky
50,ati,TD,2022-05-13 21:00:25,13.2154,18.3353,93.47,27,86,10.92,overcast clouds
51,riwaka,NZ,2022-05-13 21:00:26,-41.0833,173.0,53.44,72,100,3.49,moderate rain
52,barrow,US,2022-05-13 21:00:26,71.2906,-156.7887,19.42,79,100,13.8,overcast clouds
53,cape town,ZA,2022-05-13 20:56:17,-33.9258,18.4232,55.9,89,40,6.91,scattered clouds
54,arraial do cabo,BR,2022-05-13 21:00:27,-22.9661,-42.0278,73.54,70,82,8.25,broken clouds
55,coihaique,CL,2022-05-13 20:58:09,-45.5752,-72.0662,46.35,66,75,4.61,broken clouds
56,hermanus,ZA,2022-05-13 21:00:27,-34.4187,19.2345,59.81,73,73,8.41,broken clouds
57,jumla,NP,2022-05-13 21:00:28,29.2747,82.1838,57.18,77,64,3.78,broken clouds
58,port elizabeth,ZA,2022-05-13 21:00:28,-33.918,25.5701,63.1,81,92,4.0,overcast clouds
59,norman wells,CA,2022-05-13 21:00:29,65.282,-126.8329,60.6,33,30,1.81,scattered clouds
60,butaritari,KI,2022-05-13 21:00:29,3.0707,172.7902,80.67,74,97,7.81,overcast clouds
61,northam,GB,2022-05-13 21:00:30,51.0333,-4.2167,53.62,90,31,10.29,scattered clouds
62,nome,US,2022-05-13 21:00:30,64.5011,-165.4064,35.17,58,1,8.16,clear sky
63,tuatapere,NZ,2022-05-13 21:00:31,-46.1333,167.6833,52.95,94,99,3.44,overcast clouds
64,kahului,US,2022-05-13 21:00:25,20.8947,-156.47,81.84,73,42,11.01,scattered clouds
65,atuona,PF,2022-05-13 21:00:31,-9.8,-139.0333,78.93,64,65,20.78,broken clouds
66,eureka,US,2022-05-13 20:57:01,40.8021,-124.1637,64.67,76,100,8.01,overcast clouds
67,bundaberg,AU,2022-05-13 21:00:32,-24.85,152.35,69.22,99,100,1.14,overcast clouds
68,lagoa,PT,2022-05-13 21:00:32,39.05,-27.9833,59.54,77,100,2.59,overcast clouds
69,neyshabur,IR,2022-05-13 21:00:33,36.2133,58.7958,57.16,63,93,1.45,overcast clouds
70,beringovskiy,RU,2022-05-13 21:00:33,63.05,179.3167,36.55,85,99,4.27,light rain
71,mandera,KE,2022-05-13 21:00:34,3.9366,41.867,85.39,46,40,16.98,scattered clouds
72,puerto leguizamo,CO,2022-05-13 21:00:34,-0.1934,-74.7819,75.97,97,97,2.21,overcast clouds
73,melilla,ES,2022-05-13 21:00:35,35.2937,-2.9383,64.78,88,40,2.3,scattered clouds
74,saskylakh,RU,2022-05-13 21:00:35,71.9167,114.0833,3.9,99,86,3.96,overcast clouds
75,esperance,AU,2022-05-13 21:00:35,-33.8667,121.9,56.66,62,67,20.71,broken clouds
76,busselton,AU,2022-05-13 21:00:36,-33.65,115.3333,60.4,70,68,15.93,broken clouds
77,saldanha,ZA,2022-05-13 21:00:36,-33.0117,17.9442,60.96,64,91,5.17,overcast clouds
78,qaanaaq,GL,2022-05-13 21:00:37,77.484,-69.3632,18.48,78,63,1.74,broken clouds
79,severo-kurilsk,RU,2022-05-13 21:00:37,50.6789,156.125,39.0,96,100,15.77,overcast clouds
80,bady bassitt,BR,2022-05-13 21:00:37,-20.9181,-49.4453,72.97,55,0,5.99,clear sky
81,seminole,US,2022-05-13 21:00:38,28.7086,-81.2081,87.42,58,65,1.99,broken clouds
82,charagua,BO,2022-05-13 21:00:38,-19.8,-63.2167,78.42,51,0,10.38,clear sky
83,opuwo,NA,2022-05-13 21:00:39,-18.0607,13.84,63.09,29,0,2.15,clear sky
84,goure,NE,2022-05-13 21:00:39,13.9835,10.2704,89.37,10,7,12.53,clear sky
85,maldonado,UY,2022-05-13 21:00:40,-34.6667,-54.9167,59.23,69,100,6.15,overcast clouds
86,grimstad,NO,2022-05-13 21:00:40,58.3405,8.5934,51.71,83,69,17.58,broken clouds
87,egvekinot,RU,2022-05-13 21:00:41,66.3167,-179.1667,25.41,84,14,4.14,few clouds
88,klaksvik,FO,2022-05-13 21:00:41,62.2266,-6.589,40.12,70,98,15.86,overcast clouds
89,sernur,RU,2022-05-13 21:00:41,56.9333,49.1536,41.13,95,8,8.19,clear sky
90,haines junction,CA,2022-05-13 21:00:42,60.7522,-137.5108,40.42,64,100,5.37,overcast clouds
91,qaqortoq,GL,2022-05-13 21:00:42,60.7167,-46.0333,31.84,75,68,8.77,broken clouds
92,nizhnevartovsk,RU,2022-05-13 20:56:28,60.9344,76.5531,59.02,51,0,7.0,clear sky
93,grindavik,IS,2022-05-13 21:00:43,63.8424,-22.4338,39.67,56,75,12.66,broken clouds
94,mehran,IR,2022-05-13 21:00:43,33.1222,46.1646,75.06,19,0,14.16,clear sky
95,sambava,MG,2022-05-13 21:00:44,-14.2667,50.1667,72.75,82,2,11.7,clear sky
96,cherskiy,RU,2022-05-13 21:00:45,68.75,161.3,38.03,74,29,15.61,scattered clouds
97,soavinandriana,MG,2022-05-13 21:00:46,-19.1667,46.7333,58.05,76,100,3.98,overcast clouds
98,rassvet,RU,2022-05-13 21:00:46,46.8333,40.75,57.4,57,75,2.68,broken clouds
99,bethel,US,2022-05-13 21:00:47,41.3712,-73.414,80.51,73,42,1.01,scattered clouds
100,chuy,UY,2022-05-13 21:00:47,-33.6971,-53.4616,57.67,73,96,6.15,overcast clouds
101,broken hill,AU,2022-05-13 21:00:48,-31.95,141.4333,58.48,72,98,10.09,overcast clouds
102,ponta do sol,PT,2022-05-13 21:00:49,32.6667,-17.1,70.0,83,28,4.18,scattered clouds
103,hervey bay,AU,2022-05-13 21:00:49,-25.2986,152.8535,70.02,97,78,15.01,broken clouds
104,aketi,CD,2022-05-13 21:00:50,2.7388,23.7833,72.12,96,99,0.38,overcast clouds
105,port blair,IN,2022-05-13 21:00:50,11.6667,92.75,82.29,83,62,9.48,broken clouds
106,linxia,CN,2022-05-13 21:00:51,35.6003,103.2064,39.18,97,100,3.51,overcast clouds
107,puerto ayora,EC,2022-05-13 21:00:51,-0.7393,-90.3518,74.55,90,94,1.99,overcast clouds
108,nouakchott,MR,2022-05-13 21:00:14,18.0858,-15.9785,80.6,45,68,16.13,broken clouds
109,lahij,YE,2022-05-13 21:00:53,13.1667,44.5833,84.51,35,2,3.91,clear sky
110,aykhal,RU,2022-05-13 21:00:53,66.0,111.5,23.58,83,100,5.64,overcast clouds
111,gigmoto,PH,2022-05-13 21:00:54,13.7796,124.39,79.43,88,100,8.5,overcast clouds
112,cotonou,BJ,2022-05-13 20:56:46,6.3654,2.4183,85.98,79,20,11.5,few clouds
113,batamshinskiy,KZ,2022-05-13 21:00:54,50.5594,58.2747,52.83,96,100,18.88,moderate rain
114,asau,RO,2022-05-13 21:00:55,46.4333,26.4,60.96,100,100,3.36,overcast clouds
115,canchungo,GW,2022-05-13 21:00:55,12.0672,-16.0333,75.54,83,31,8.48,scattered clouds
116,hoquiam,US,2022-05-13 21:00:21,46.9809,-123.8893,56.93,64,100,5.99,overcast clouds
117,ambon,ID,2022-05-13 21:00:56,-3.6954,128.1814,81.37,79,80,2.51,broken clouds
118,baiao,BR,2022-05-13 21:00:56,-2.7906,-49.6717,77.7,97,26,2.06,scattered clouds
119,seabra,BR,2022-05-13 21:00:57,-12.4186,-41.7703,75.79,49,84,5.14,broken clouds
120,yulara,AU,2022-05-13 21:00:57,-25.2406,130.9889,63.57,53,94,7.52,overcast clouds
121,moerai,PF,2022-05-13 21:00:58,-22.4333,-151.3333,80.26,78,58,16.98,broken clouds
122,poltavka,RU,2022-05-13 21:00:58,54.3663,71.7632,57.99,57,88,2.42,overcast clouds
123,mount isa,AU,2022-05-13 21:00:44,-20.7333,139.5,51.57,100,0,0.0,clear sky
124,rawson,AR,2022-05-13 21:00:59,-43.3002,-65.1023,54.9,44,18,21.14,few clouds
125,dukat,RU,2022-05-13 21:00:59,62.55,155.55,30.49,84,88,7.96,overcast clouds
126,sur,OM,2022-05-13 21:01:00,22.5667,59.5289,90.05,32,2,15.05,clear sky
127,mazagao,BR,2022-05-13 21:01:00,-0.115,-51.2894,78.89,89,54,3.69,broken clouds
128,oriximina,BR,2022-05-13 21:01:01,-1.7656,-55.8661,80.08,89,100,1.9,overcast clouds
129,adrar,MR,2022-05-13 21:01:01,20.5022,-10.0711,92.12,9,55,8.19,broken clouds
130,icod de los vinos,ES,2022-05-13 21:01:01,28.3724,-16.7119,67.75,89,97,1.52,overcast clouds
131,staroutkinsk,RU,2022-05-13 21:01:02,57.2302,59.3348,42.42,96,96,4.74,light rain
132,port augusta,AU,2022-05-13 21:01:02,-32.5,137.7667,66.43,49,100,15.95,overcast clouds
133,pangnirtung,CA,2022-05-13 21:01:03,66.1451,-65.7125,21.34,84,93,2.01,overcast clouds
134,chumikan,RU,2022-05-13 21:01:03,54.7183,135.315,31.33,98,100,3.89,light snow
135,ngunguru,NZ,2022-05-13 21:01:04,-35.6167,174.5,55.85,79,64,5.66,broken clouds
136,la paz,BO,2022-05-13 21:01:04,-16.5,-68.15,55.11,37,21,10.09,few clouds
137,east london,ZA,2022-05-13 21:00:14,-33.0153,27.9116,62.42,77,53,8.39,broken clouds
138,rio gallegos,AR,2022-05-13 21:01:05,-51.6226,-69.2181,44.49,69,24,11.77,few clouds
139,saint-pierre,RE,2022-05-13 21:01:05,-21.3393,55.4781,70.92,64,0,9.22,clear sky
140,hofn,IS,2022-05-13 21:01:06,64.2539,-15.2082,40.71,54,94,8.77,overcast clouds
141,trairi,BR,2022-05-13 20:57:47,-3.2778,-39.2689,78.01,87,100,11.12,heavy intensity rain
142,tarbagatay,RU,2022-05-13 21:01:06,51.4803,107.3602,33.33,64,12,0.38,few clouds
143,cockburn town,TC,2022-05-13 21:01:07,21.4612,-71.1419,79.07,84,100,23.78,overcast clouds
144,ahipara,NZ,2022-05-13 21:01:08,-35.1667,173.1667,58.1,71,59,2.37,broken clouds
145,marsh harbour,BS,2022-05-13 21:01:08,26.5412,-77.0636,77.68,74,79,11.39,broken clouds
146,sorong,ID,2022-05-13 21:01:09,-0.8833,131.25,77.54,91,100,2.71,overcast clouds
147,chokurdakh,RU,2022-05-13 21:01:09,70.6333,147.9167,15.46,90,100,5.88,overcast clouds
148,tiksi,RU,2022-05-13 21:01:10,71.6872,128.8694,15.33,88,22,10.38,few clouds
149,kavaratti,IN,2022-05-13 21:01:10,10.5669,72.642,83.95,78,58,15.39,light rain
150,torbay,CA,2022-05-13 21:00:16,47.6666,-52.7314,47.88,78,79,5.99,broken clouds
151,nikolskoye,RU,2022-05-13 21:01:12,59.7035,30.7861,49.91,74,84,9.71,broken clouds
152,sorland,NO,2022-05-13 21:01:12,67.667,12.6934,44.46,90,100,25.99,overcast clouds
153,cidreira,BR,2022-05-13 20:57:24,-30.1811,-50.2056,62.53,74,56,6.4,broken clouds
154,verkhnevilyuysk,RU,2022-05-13 21:01:13,63.4453,120.3167,27.1,80,10,7.96,clear sky
155,port macquarie,AU,2022-05-13 21:01:13,-31.4333,152.9167,64.89,91,55,8.99,broken clouds
156,narsaq,GL,2022-05-13 21:01:14,60.9167,-46.05,39.42,77,83,6.55,broken clouds
157,half moon bay,US,2022-05-13 21:01:14,37.4636,-122.4286,79.88,68,20,21.85,few clouds
158,kapaa,US,2022-05-13 21:01:15,22.0752,-159.319,82.38,78,49,4.0,scattered clouds
159,ostrovnoy,RU,2022-05-13 21:01:15,68.0531,39.5131,39.51,92,100,6.22,overcast clouds
160,provideniya,RU,2022-05-13 21:01:15,64.3833,-173.3,39.22,52,1,5.73,clear sky
161,tuktoyaktuk,CA,2022-05-13 21:01:16,69.4541,-133.0374,32.43,97,100,14.29,light snow
162,noumea,NC,2022-05-13 21:01:17,-22.2763,166.4572,75.99,99,100,12.8,overcast clouds
163,plettenberg bay,ZA,2022-05-13 21:01:17,-34.0527,23.3716,58.96,79,89,8.23,overcast clouds
164,broome,US,2022-05-13 21:01:17,42.2506,-75.833,82.2,57,20,10.0,few clouds
165,castro,BR,2022-05-13 21:01:18,-24.7911,-50.0119,59.41,82,0,2.19,clear sky
166,charters towers,AU,2022-05-13 21:01:18,-20.1,146.2667,64.92,77,1,9.93,clear sky
167,tchibanga,GA,2022-05-13 21:01:19,-2.85,11.0333,73.35,98,97,1.12,overcast clouds
168,aracaju,BR,2022-05-13 21:00:23,-10.9111,-37.0717,82.35,69,40,8.05,scattered clouds
169,wenatchee,US,2022-05-13 21:01:19,47.4235,-120.3103,61.38,33,100,5.01,overcast clouds
170,mashhad,IR,2022-05-13 21:01:20,36.297,59.6062,57.34,72,0,11.5,clear sky
171,santa rosalia,MX,2022-05-13 21:01:20,27.3167,-112.2833,83.05,19,32,11.97,scattered clouds
172,saint-joseph,RE,2022-05-13 21:01:21,-21.3667,55.6167,68.38,69,0,6.55,clear sky
173,vegachi,CO,2022-05-13 21:01:21,6.7614,-74.7947,73.92,96,92,2.93,overcast clouds
174,griffith,US,2022-05-13 21:01:22,41.5284,-87.4237,92.89,32,0,12.66,clear sky
175,tiarei,PF,2022-05-13 21:01:22,-17.5333,-149.3333,84.0,73,16,17.76,light rain
176,kodiak,US,2022-05-13 21:01:23,57.79,-152.4072,45.27,50,2,21.88,clear sky
177,namibe,AO,2022-05-13 21:01:23,-15.1961,12.1522,72.48,77,1,2.82,clear sky
178,siva,EG,2022-05-13 21:01:24,29.2041,25.5195,78.69,32,94,10.36,overcast clouds
179,datong,CN,2022-05-13 21:01:24,40.0936,113.2914,46.92,28,93,7.34,overcast clouds
180,kushmurun,KZ,2022-05-13 21:01:25,52.4503,64.6311,56.95,64,100,15.5,light rain
181,khatanga,RU,2022-05-13 21:01:25,71.9667,102.5,21.54,89,100,7.29,overcast clouds
182,labuhan,ID,2022-05-13 21:01:26,-6.8844,112.2051,78.75,88,100,7.16,moderate rain
183,geraldton,AU,2022-05-13 21:01:26,-28.7667,114.6,59.41,82,100,6.91,overcast clouds
184,yagodnoye,RU,2022-05-13 21:01:27,62.55,149.6667,32.34,76,100,2.53,overcast clouds
185,husavik,IS,2022-05-13 21:01:27,66.0449,-17.3389,31.93,88,100,4.43,light snow
186,casas grandes,MX,2022-05-13 21:01:28,30.3667,-107.95,86.45,3,4,8.88,clear sky
187,kiunga,PG,2022-05-13 21:01:28,-6.1219,141.2906,72.81,100,76,0.16,broken clouds
188,zambezi,ZM,2022-05-13 21:01:29,-13.5432,23.1047,63.9,58,19,4.45,few clouds
189,bengkulu,ID,2022-05-13 21:01:29,-3.8004,102.2655,77.23,89,43,4.25,scattered clouds
190,meadow lake,US,2022-05-13 21:01:30,34.8014,-106.5436,82.45,6,0,7.2,clear sky
191,hasaki,JP,2022-05-13 21:01:30,35.7333,140.8333,70.29,89,100,30.24,light rain
192,iskilip,TR,2022-05-13 21:01:31,40.7353,34.4739,57.72,47,0,1.16,clear sky
193,santa maria da boa vista,BR,2022-05-13 21:01:31,-8.8078,-39.8256,88.88,32,96,9.57,overcast clouds
194,morgan city,US,2022-05-13 21:01:32,29.6994,-91.2068,84.02,89,89,11.72,overcast clouds
195,mucurapo,TT,2022-05-13 21:01:32,10.6667,-61.5333,87.03,64,94,14.52,overcast clouds
196,katherine,AU,2022-05-13 21:01:33,-14.4667,132.2667,68.32,77,80,4.61,broken clouds
197,alugan,PH,2022-05-13 21:01:33,12.2188,125.4808,79.95,83,100,8.37,overcast clouds
198,ucluelet,CA,2022-05-13 21:01:29,48.9329,-125.5528,48.09,85,100,12.06,overcast clouds
199,lebu,CL,2022-05-13 21:01:34,-37.6167,-73.65,52.23,71,64,19.89,broken clouds
200,patacamaya,BO,2022-05-13 21:01:34,-17.2333,-67.9167,55.58,31,77,8.41,broken clouds
201,airai,TL,2022-05-13 21:01:35,-8.9266,125.4092,59.58,95,79,1.81,broken clouds
202,necochea,AR,2022-05-13 21:01:35,-38.5473,-58.7368,52.74,84,41,5.82,scattered clouds
203,steamboat springs,US,2022-05-13 21:01:36,40.485,-106.8317,60.94,26,0,16.11,clear sky
204,mumford,GH,2022-05-13 21:01:37,5.2618,-0.759,82.67,84,6,11.21,clear sky
205,hithadhoo,MV,2022-05-13 21:01:37,-0.6,73.0833,82.45,72,100,6.17,overcast clouds
206,jiexiu,CN,2022-05-13 21:01:38,37.0244,111.9125,53.2,32,100,3.31,overcast clouds
207,camalu,MX,2022-05-13 21:01:38,30.85,-116.0667,73.36,47,57,11.03,broken clouds
208,gizo,SB,2022-05-13 21:01:39,-8.103,156.8419,82.0,72,19,3.98,few clouds
209,trat,TH,2022-05-13 21:01:39,12.5,102.5,83.91,93,100,1.45,overcast clouds
210,sabratah,LY,2022-05-13 21:01:40,32.7933,12.4885,67.62,54,0,9.26,clear sky
211,miri,MY,2022-05-13 20:57:21,4.4148,114.0089,77.14,100,20,2.3,few clouds
212,puerto escondido,MX,2022-05-13 21:01:40,15.85,-97.0667,89.13,59,51,10.02,broken clouds
213,thompson,CA,2022-05-13 21:01:41,55.7435,-97.8558,37.56,87,100,16.11,overcast clouds
214,moses lake,US,2022-05-13 21:00:49,47.1301,-119.2781,57.88,25,61,10.89,broken clouds
215,santa maria,BR,2022-05-13 20:57:11,-29.6842,-53.8069,65.5,63,0,8.05,clear sky
216,prachuap khiri khan,TH,2022-05-13 21:01:41,12.2167,99.75,81.68,90,100,2.35,light rain
217,srednekolymsk,RU,2022-05-13 21:01:42,67.45,153.6833,38.19,75,63,2.42,broken clouds
218,takoradi,GH,2022-05-13 20:57:24,4.8845,-1.7554,81.73,84,59,10.4,broken clouds
219,anloga,GH,2022-05-13 21:01:42,5.7947,0.8973,83.48,81,19,13.24,few clouds
220,pevek,RU,2022-05-13 21:01:43,69.7008,170.3133,29.05,78,94,19.19,overcast clouds
221,lampitak,PH,2022-05-13 21:01:43,6.4322,125.0525,68.05,95,98,0.58,overcast clouds
222,sioux lookout,CA,2022-05-13 21:01:44,50.1001,-91.917,75.83,40,13,13.2,few clouds
223,vila franca do campo,PT,2022-05-13 21:01:44,37.7167,-25.4333,66.2,89,100,7.65,light rain
224,manjacaze,MZ,2022-05-13 21:01:45,-24.7117,33.8828,64.6,90,1,6.17,clear sky
225,mecca,SA,2022-05-13 21:01:45,21.4267,39.8261,90.77,32,0,3.58,clear sky
226,taltal,CL,2022-05-13 21:00:20,-25.4,-70.4833,63.37,71,23,4.94,few clouds
227,kumba,CM,2022-05-13 21:01:46,4.6363,9.4469,73.4,98,70,1.48,light rain
228,polovinnoye,RU,2022-05-13 21:01:46,54.7914,65.9864,54.19,57,100,14.12,overcast clouds
229,marystown,CA,2022-05-13 21:01:51,47.1666,-55.1483,49.55,63,100,14.05,overcast clouds
230,marsa matruh,EG,2022-05-13 21:01:51,31.3525,27.2453,67.48,65,100,7.49,overcast clouds
231,kargasok,RU,2022-05-13 21:01:52,59.0556,80.8572,54.61,45,36,8.19,scattered clouds
232,addanki,IN,2022-05-13 21:01:52,15.8167,79.9833,82.17,87,11,5.53,few clouds
233,lafiagi,NG,2022-05-13 21:01:53,8.8667,5.4167,86.11,57,79,0.51,light rain
234,raga,SS,2022-05-13 21:00:18,8.4596,25.678,77.95,68,100,3.85,overcast clouds
235,pisco,PE,2022-05-13 21:01:54,-13.7,-76.2167,67.01,84,9,7.99,clear sky
236,baghdad,IQ,2022-05-13 21:01:54,33.3406,44.4009,76.91,14,0,10.36,dust
237,kharp,RU,2022-05-13 21:01:55,66.8014,65.8081,36.84,97,99,4.61,overcast clouds
238,rosetta,EG,2022-05-13 21:01:55,31.4044,30.4164,68.52,74,100,12.26,overcast clouds
239,vila velha,BR,2022-05-13 21:01:55,-20.3297,-40.2925,74.8,79,95,8.12,overcast clouds
240,imeni babushkina,RU,2022-05-13 21:01:56,59.7573,43.1285,42.55,96,100,5.79,light rain
241,puerto ayacucho,VE,2022-05-13 21:01:56,5.6639,-67.6236,87.48,67,100,1.72,overcast clouds
242,north myrtle beach,US,2022-05-13 21:01:57,33.816,-78.68,78.35,80,92,5.01,overcast clouds
243,tsiroanomandidy,MG,2022-05-13 21:01:57,-18.7667,46.0333,61.68,67,18,1.54,few clouds
244,manado,ID,2022-05-13 21:01:58,1.487,124.8455,77.77,100,40,2.3,scattered clouds
245,staroaleyskoye,RU,2022-05-13 21:01:58,51.0061,82.0,55.9,53,4,4.07,clear sky
246,ivybridge,GB,2022-05-13 21:01:58,50.3904,-3.9191,54.68,81,75,7.47,broken clouds
247,abu dhabi,AE,2022-05-13 20:59:25,24.4667,54.3667,82.51,52,0,9.22,clear sky
248,te anau,NZ,2022-05-13 21:01:59,-45.4167,167.7167,52.52,94,100,3.13,light rain
249,georgetown,MY,2022-05-13 21:01:59,5.4112,100.3354,82.33,83,20,0.0,thunderstorm
250,surazh,RU,2022-05-13 21:02:00,53.0175,32.3918,46.49,86,31,7.94,scattered clouds
251,alta floresta,BR,2022-05-13 21:02:00,-9.8756,-56.0861,79.61,73,90,2.66,overcast clouds
252,la ronge,CA,2022-05-13 21:02:01,55.1001,-105.2842,43.2,70,100,13.42,overcast clouds
253,longyearbyen,SJ,2022-05-13 21:02:01,78.2186,15.6401,22.84,63,0,12.66,clear sky
254,moultrie,US,2022-05-13 21:02:02,31.1799,-83.7891,78.57,78,40,4.61,scattered clouds
255,tessalit,ML,2022-05-13 21:02:02,20.1986,1.0114,87.67,8,5,12.26,clear sky
256,mount gambier,AU,2022-05-13 21:02:02,-37.8333,140.7667,58.91,88,100,18.41,overcast clouds
257,xai-xai,MZ,2022-05-13 21:02:03,-25.0519,33.6442,67.46,87,1,8.14,clear sky
258,bilma,NE,2022-05-13 21:02:03,18.6853,12.9164,85.91,15,3,15.7,clear sky
259,kurunegala,LK,2022-05-13 21:02:04,7.4863,80.3623,76.05,94,100,7.23,overcast clouds
260,leningradskiy,RU,2022-05-13 21:02:04,69.3833,178.4167,32.79,75,17,5.57,few clouds
261,sangin,AF,2022-05-13 21:02:05,32.0728,64.8359,79.81,12,0,4.27,clear sky
262,nha trang,VN,2022-05-13 21:02:05,12.25,109.1833,78.8,86,100,3.49,overcast clouds
263,sarkand,KZ,2022-05-13 21:02:05,45.41,79.9186,59.83,48,53,6.22,broken clouds
264,ilulissat,GL,2022-05-13 21:02:06,69.2167,-51.1,25.3,73,100,3.87,overcast clouds
265,port lincoln,AU,2022-05-13 21:02:08,-34.7333,135.8667,62.91,71,55,18.99,broken clouds
266,bras-panon,RE,2022-05-13 21:02:08,-20.9967,55.6782,70.9,69,13,9.82,few clouds
267,gondar,ET,2022-05-13 21:02:09,12.6,37.4667,70.65,35,5,4.92,clear sky
268,kaitangata,NZ,2022-05-13 21:02:09,-46.2817,169.8464,50.74,92,100,6.46,overcast clouds
269,san patricio,US,2022-05-13 21:02:09,28.017,-97.5169,93.92,45,2,15.5,clear sky
270,vestmannaeyjar,IS,2022-05-13 21:02:10,63.4427,-20.2734,42.87,55,100,4.41,overcast clouds
271,zyryanka,RU,2022-05-13 21:02:10,65.75,150.85,36.99,76,91,9.84,overcast clouds
272,komsomolskiy,UZ,2022-05-13 21:02:11,40.4272,71.7189,67.96,59,89,2.75,overcast clouds
273,iskateley,RU,2022-05-13 21:02:11,67.6803,53.1512,40.86,83,48,8.14,scattered clouds
274,holme,DK,2022-05-13 21:02:12,56.1138,10.1725,53.17,80,80,15.23,broken clouds
275,katsuura,JP,2022-05-13 21:02:12,35.1333,140.3,68.02,95,100,24.36,moderate rain
276,iqaluit,CA,2022-05-13 21:02:12,63.7506,-68.5145,25.7,68,72,18.01,broken clouds
277,auburndale,US,2022-05-13 20:57:16,28.0653,-81.7887,87.78,58,79,10.51,broken clouds
278,kirkenaer,NO,2022-05-13 21:02:13,60.4564,12.0582,49.23,71,100,8.21,light rain
279,zarichne,UA,2022-05-13 21:02:13,51.8126,26.129,53.85,66,81,1.59,broken clouds
280,udachnyy,RU,2022-05-13 21:02:14,66.4167,112.4,24.93,78,99,3.51,overcast clouds
281,isla mujeres,MX,2022-05-13 21:02:14,21.2311,-86.731,84.16,63,12,11.54,few clouds
282,makakilo city,US,2022-05-13 21:01:19,21.3469,-158.0858,80.56,55,13,13.91,few clouds
283,saint-philippe,RE,2022-05-13 20:58:19,-21.3585,55.7679,69.39,70,1,6.89,clear sky
284,vostok,RU,2022-05-13 21:02:15,46.4856,135.8833,41.52,89,100,2.19,overcast clouds
285,miandrivazo,MG,2022-05-13 21:02:15,-19.5167,45.4667,73.04,54,0,2.24,clear sky
286,casper,US,2022-05-13 21:00:02,42.8666,-106.3131,60.82,29,100,18.99,overcast clouds
287,lorengau,PG,2022-05-13 21:02:16,-2.0226,147.2712,81.91,71,46,7.36,scattered clouds
288,saint george,US,2022-05-13 21:00:49,37.1041,-113.5841,85.42,11,0,4.0,clear sky
289,polunochnoye,RU,2022-05-13 21:02:16,60.8697,60.4153,48.85,73,96,4.23,overcast clouds
290,moose factory,CA,2022-05-13 21:02:17,51.2585,-80.6094,57.69,58,98,7.38,overcast clouds
291,awjilah,LY,2022-05-13 21:02:17,29.1081,21.2869,69.84,54,28,18.7,scattered clouds
292,salalah,OM,2022-05-13 21:02:18,17.0151,54.0924,83.64,38,3,0.6,clear sky
293,paita,PE,2022-05-13 21:02:18,-5.0892,-81.1144,70.05,77,61,16.64,broken clouds
294,nemuro,JP,2022-05-13 21:02:19,43.3236,145.575,45.64,99,100,22.19,overcast clouds
295,roebourne,AU,2022-05-13 21:02:19,-20.7833,117.1333,74.03,73,0,9.1,clear sky
296,miramar,US,2022-05-13 21:02:20,25.9873,-80.2323,85.01,68,0,14.97,clear sky
297,nueve de julio,AR,2022-05-13 20:57:43,-35.4444,-60.8831,63.18,63,59,3.78,broken clouds
298,palmer,US,2022-05-13 21:02:20,42.1584,-72.3287,83.89,55,29,3.0,scattered clouds
299,padang,ID,2022-05-13 21:02:20,-0.9492,100.3543,76.44,82,77,4.0,broken clouds
300,saint-francois,FR,2022-05-13 21:02:21,46.4154,3.9054,58.44,82,0,0.0,clear sky
301,pucallpa,PE,2022-05-13 21:02:21,-8.3791,-74.5539,86.86,55,72,1.88,broken clouds
302,corinto,GR,2022-05-13 21:02:22,37.9407,22.9573,65.41,57,78,4.32,broken clouds
303,huarmey,PE,2022-05-13 21:02:22,-10.0681,-78.1522,69.28,75,40,10.45,scattered clouds
304,glendive,US,2022-05-13 21:02:23,47.1053,-104.7125,59.49,64,100,28.99,overcast clouds
305,namatanai,PG,2022-05-13 21:02:23,-3.6667,152.4333,79.99,77,80,6.38,broken clouds
306,terra boa,BR,2022-05-13 21:02:23,-23.7681,-52.4442,63.91,68,0,4.16,clear sky
307,umm lajj,SA,2022-05-13 21:02:24,25.0213,37.2685,83.26,60,0,2.95,clear sky
308,barentu,ER,2022-05-13 21:02:24,15.1139,37.5928,85.33,17,0,6.46,clear sky
309,fort dix,US,2022-05-13 21:02:25,40.0298,-74.6185,70.88,87,100,5.75,overcast clouds
310,soyo,AO,2022-05-13 21:02:25,-6.1349,12.3689,77.05,88,31,6.38,light rain
311,hede,CN,2022-05-13 21:02:26,33.7681,120.2517,49.42,80,94,5.73,overcast clouds
312,touros,BR,2022-05-13 21:02:26,-5.1989,-35.4608,79.2,83,81,10.45,light rain
313,kostomuksha,RU,2022-05-13 21:02:26,64.571,30.5767,42.12,93,52,6.76,broken clouds
314,trhove sviny,CZ,2022-05-13 21:02:27,48.8423,14.6392,59.36,81,91,3.85,overcast clouds
315,daurala,IN,2022-05-13 21:02:27,29.1167,77.6833,87.3,22,0,4.29,clear sky
316,ola,RU,2022-05-13 21:02:28,59.5833,151.2833,33.42,100,100,7.14,snow
317,vardo,NO,2022-05-13 21:02:28,70.3705,31.1107,31.98,86,0,12.66,clear sky
318,garowe,SO,2022-05-13 21:02:28,8.4054,48.4845,87.15,39,99,7.54,overcast clouds
319,port hedland,AU,2022-05-13 21:02:29,-20.3167,118.5667,75.25,100,100,5.75,overcast clouds
320,akdepe,TM,2022-05-13 21:02:29,42.0551,59.3788,62.94,46,0,5.88,clear sky
321,havre-saint-pierre,CA,2022-05-13 21:02:30,50.2334,-63.5986,44.96,76,100,12.66,overcast clouds
322,gorom-gorom,BF,2022-05-13 21:02:30,14.4439,-0.2361,96.31,13,4,4.25,clear sky
323,gat,IL,2022-05-13 21:02:30,31.61,34.7642,80.4,36,1,5.68,clear sky
324,souillac,MU,2022-05-13 21:02:31,-20.5167,57.5167,71.98,73,20,4.61,few clouds
325,laguna,US,2022-05-13 21:02:31,38.421,-121.4238,82.69,33,0,11.5,clear sky
326,beyneu,KZ,2022-05-13 21:02:32,45.3167,55.2,61.0,50,100,15.19,overcast clouds
327,zhigansk,RU,2022-05-13 21:02:32,66.7697,123.3711,21.54,82,13,12.21,few clouds
328,merauke,ID,2022-05-13 21:02:32,-8.4667,140.3333,79.88,79,66,9.71,broken clouds
329,cayenne,GF,2022-05-13 20:58:37,4.9333,-52.3333,83.08,1,75,6.91,broken clouds
330,cabo san lucas,MX,2022-05-13 21:02:33,22.8909,-109.9124,87.62,60,55,3.65,broken clouds
331,isangel,VU,2022-05-13 21:02:33,-19.55,169.2667,75.47,63,100,14.36,overcast clouds
332,levelland,US,2022-05-13 21:01:14,33.5873,-102.378,93.18,6,0,2.01,clear sky
333,prince albert,CA,2022-05-13 21:00:22,53.2001,-105.7677,47.88,77,100,21.7,moderate rain
334,roald,NO,2022-05-13 21:02:34,62.5833,6.1333,46.76,87,75,13.8,broken clouds
335,abonnema,NG,2022-05-13 21:02:34,4.7084,6.7931,79.48,86,85,5.14,overcast clouds
336,margate,GB,2022-05-13 21:02:35,51.3813,1.3862,55.69,76,93,4.0,overcast clouds
337,aklavik,CA,2022-05-13 21:02:35,68.2191,-135.0107,30.2,93,100,14.97,light snow
338,san quintin,MX,2022-05-13 21:02:37,30.4833,-115.95,70.81,53,42,13.53,scattered clouds
339,eydhafushi,MV,2022-05-13 21:02:37,5.1033,73.0708,82.89,78,100,21.56,light rain
340,burdur,TR,2022-05-13 21:02:38,37.7203,30.2908,54.3,58,40,6.91,scattered clouds
341,dunedin,NZ,2022-05-13 21:02:38,-45.8742,170.5036,51.8,84,100,5.14,overcast clouds
342,mersin,TR,2022-05-13 21:02:39,36.862,34.6509,67.62,70,54,0.96,broken clouds
343,mattru,SL,2022-05-13 21:02:39,7.6244,-11.8332,77.34,94,92,2.01,light rain
344,warrington,GB,2022-05-13 20:59:33,53.3925,-2.5802,57.79,78,0,16.11,clear sky
345,bozuyuk,TR,2022-05-13 21:02:40,39.9078,30.0367,60.57,53,100,5.73,overcast clouds
346,tautira,PF,2022-05-13 21:02:41,-17.7333,-149.15,80.87,71,56,18.59,broken clouds
347,bilibino,RU,2022-05-13 21:02:41,68.0546,166.4372,28.26,78,77,3.06,broken clouds
348,haapiti,PF,2022-05-13 21:02:42,-17.5667,-149.8667,83.71,72,3,18.59,clear sky
349,shubarshi,KZ,2022-05-13 21:02:42,48.5872,57.1869,56.57,76,100,21.5,overcast clouds
350,sao sebastiao,BR,2022-05-13 21:02:43,-23.76,-45.4097,69.71,82,81,2.55,broken clouds
351,whakatane,NZ,2022-05-13 21:02:44,-37.9585,176.9854,53.78,91,96,4.59,overcast clouds
352,gumrak,RU,2022-05-13 21:02:45,48.7826,44.3824,57.11,82,0,8.99,clear sky
353,fairbanks,US,2022-05-13 21:02:24,64.8378,-147.7164,45.23,78,99,1.01,light rain
354,galesong,ID,2022-05-13 21:02:45,-5.3166,119.3661,75.22,84,85,5.39,overcast clouds
355,bairiki,KI,2022-05-13 21:02:45,1.3292,172.9752,80.1,74,100,10.13,overcast clouds
356,nelson bay,AU,2022-05-13 21:02:46,-32.7167,152.15,66.11,99,26,14.92,scattered clouds
357,marica,BR,2022-05-13 21:02:46,-22.9194,-42.8186,76.48,71,68,4.76,broken clouds
358,dambulla,LK,2022-05-13 21:02:47,7.86,80.6517,76.19,88,100,11.07,overcast clouds
359,naze,JP,2022-05-13 21:02:47,28.3667,129.4833,68.92,92,100,9.35,overcast clouds
360,ustyuzhna,RU,2022-05-13 21:02:48,58.8394,36.4321,49.39,69,94,19.57,overcast clouds
361,chara,RU,2022-05-13 21:02:48,56.9064,118.2631,38.59,77,91,3.87,light rain
362,medicine hat,CA,2022-05-13 21:01:25,50.0501,-110.6683,54.03,66,100,11.5,light intensity shower rain
363,mao,ES,2022-05-13 21:02:49,39.8885,4.2658,64.96,94,0,1.14,clear sky
364,abu samrah,SY,2022-05-13 21:02:49,35.3029,37.1841,71.67,36,84,1.7,broken clouds
365,boende,CD,2022-05-13 21:02:49,-0.2167,20.8667,75.9,79,68,2.37,broken clouds
366,nizhnyaya omka,RU,2022-05-13 21:02:50,55.4338,74.9426,57.92,42,99,9.31,overcast clouds
367,kieta,PG,2022-05-13 21:02:29,-6.2167,155.6333,79.83,77,38,1.7,scattered clouds
368,kaseda,JP,2022-05-13 21:02:50,31.4167,130.3167,67.53,89,100,19.04,overcast clouds
369,qasigiannguit,GL,2022-05-13 21:02:51,68.8193,-51.1922,25.75,82,99,3.69,light snow
370,krasnyy oktyabr,RU,2022-05-13 21:02:51,56.1167,38.8833,47.66,79,9,10.47,clear sky
371,luderitz,NA,2022-05-13 21:02:52,-26.6481,15.1594,57.04,63,96,12.1,overcast clouds
372,vuktyl,RU,2022-05-13 21:02:52,63.8567,57.3094,50.2,70,55,7.27,broken clouds
373,revda,RU,2022-05-13 21:02:52,56.801,59.9303,42.44,89,96,6.06,overcast clouds
374,muroto,JP,2022-05-13 21:02:53,33.2833,134.15,69.85,91,100,5.57,light rain
375,bay roberts,CA,2022-05-13 21:02:53,47.5999,-53.2648,48.51,67,78,6.44,broken clouds
376,easley,US,2022-05-13 21:02:54,34.8298,-82.6015,78.44,73,75,17.27,moderate rain
377,madimba,TZ,2022-05-13 21:02:54,-10.4,40.3333,74.77,79,60,8.12,broken clouds
378,chabahar,IR,2022-05-13 21:02:54,25.2919,60.643,83.53,71,0,7.47,clear sky
379,rodental,DE,2022-05-13 21:02:55,50.2833,11.0667,52.52,70,88,1.57,overcast clouds
380,san cristobal,VE,2022-05-13 21:02:55,7.7669,-72.225,78.28,65,88,6.13,overcast clouds
381,riverton,US,2022-05-13 21:00:07,40.5219,-111.9391,69.35,28,0,8.99,clear sky
382,paracuru,BR,2022-05-13 21:02:56,-3.41,-39.0306,81.1,89,100,9.89,heavy intensity rain
383,lakatoro,VU,2022-05-13 21:02:56,-16.0999,167.4164,77.95,75,99,12.24,overcast clouds
384,kudahuvadhoo,MV,2022-05-13 21:02:57,2.6708,72.8944,80.37,80,100,20.62,moderate rain
385,marsabit,KE,2022-05-13 21:02:24,2.3284,37.9899,70.68,55,41,17.56,scattered clouds
386,koutiala,ML,2022-05-13 21:02:57,12.3917,-5.4642,96.58,20,48,5.17,scattered clouds
387,guerrero negro,MX,2022-05-13 21:02:58,27.9769,-114.0611,78.51,29,54,13.91,broken clouds
388,mountain home,US,2022-05-13 21:02:58,43.133,-115.6912,60.28,36,20,17.27,few clouds
389,lata,PT,2022-05-13 21:03:01,40.1629,-8.3327,65.28,53,100,3.09,overcast clouds
390,acapulco,MX,2022-05-13 20:59:03,16.8634,-99.8901,89.06,56,100,11.68,overcast clouds
391,tolga,DZ,2022-05-13 21:03:01,34.7222,5.3785,81.19,21,2,7.25,clear sky
392,shenjiamen,CN,2022-05-13 21:03:02,29.9576,122.298,60.87,70,40,15.59,scattered clouds
393,caranavi,BO,2022-05-13 21:03:02,-15.8167,-67.55,69.37,82,97,1.63,overcast clouds
394,meulaboh,ID,2022-05-13 21:03:03,4.1363,96.1285,77.5,89,60,3.53,broken clouds
395,hoopstad,ZA,2022-05-13 21:03:04,-27.8327,25.9083,61.99,38,100,6.49,overcast clouds
396,calexico,US,2022-05-13 20:58:42,32.679,-115.4989,95.18,6,10,6.06,clear sky
397,tabou,CI,2022-05-13 21:03:04,4.423,-7.3528,81.32,84,98,10.45,overcast clouds
398,malazgirt,TR,2022-05-13 21:03:05,39.1427,42.5401,46.72,67,0,2.86,clear sky
399,cedar city,US,2022-05-13 21:03:05,37.6775,-113.0619,73.4,11,0,4.61,clear sky
400,kidal,ML,2022-05-13 21:03:06,18.4411,1.4078,92.57,6,6,13.96,clear sky
401,khorramshahr,IR,2022-05-13 21:03:07,30.4397,48.1664,81.77,16,0,22.15,clear sky
402,camana,PE,2022-05-13 21:03:07,-16.6228,-72.7111,67.68,74,29,9.62,scattered clouds
403,hami,CN,2022-05-13 21:03:08,42.8,93.45,57.42,10,0,10.29,clear sky
404,codrington,AU,2022-05-13 21:03:08,-38.2667,141.9667,62.19,71,100,17.94,light rain
405,goderich,CA,2022-05-13 21:01:39,43.7501,-81.7165,63.46,77,6,8.37,clear sky
406,anadyr,RU,2022-05-13 21:03:09,64.75,177.4833,31.26,93,96,5.12,overcast clouds
407,ixtapa,MX,2022-05-13 21:00:09,20.7,-105.2,92.48,37,100,8.61,overcast clouds
408,berlevag,NO,2022-05-13 21:03:12,70.8578,29.0864,35.55,80,40,17.27,scattered clouds
409,sovetskiy,RU,2022-05-13 21:03:13,61.3614,63.5842,53.85,55,100,10.96,overcast clouds
410,watsa,CD,2022-05-13 21:03:13,3.0372,29.5355,64.49,91,68,3.67,broken clouds
411,shelburne,CA,2022-05-13 21:00:12,44.0787,-80.2041,80.37,44,6,10.51,clear sky
412,grandview,US,2022-05-13 21:01:38,38.8858,-94.533,85.66,52,94,3.0,overcast clouds
413,ayorou,NE,2022-05-13 21:03:14,14.7308,0.9174,97.93,15,7,8.28,clear sky
414,popondetta,PG,2022-05-13 21:03:14,-8.7537,148.2534,75.13,92,59,2.68,broken clouds
415,el alto,PE,2022-05-13 21:03:15,-4.2714,-81.2147,68.59,76,31,12.64,scattered clouds
416,kununurra,AU,2022-05-13 21:03:15,-15.7667,128.7333,67.98,88,18,0.0,few clouds
417,suleja,NG,2022-05-13 21:03:15,9.1758,7.1808,84.69,57,44,1.28,scattered clouds
418,assiniboia,CA,2022-05-13 21:03:16,49.6334,-105.9845,43.07,90,100,23.87,light rain
419,wellington,NZ,2022-05-13 21:03:16,-41.2866,174.7756,60.46,75,100,14.97,overcast clouds
420,turkmenabat,TM,2022-05-13 21:03:17,39.0733,63.5786,73.09,35,100,19.62,overcast clouds
421,burnie,AU,2022-05-13 21:03:17,-41.0667,145.9167,60.94,95,100,12.75,moderate rain
422,ancud,CL,2022-05-13 21:03:18,-41.8697,-73.8203,50.61,73,98,4.09,overcast clouds
423,farafangana,MG,2022-05-13 21:03:18,-22.8167,47.8333,70.92,76,91,1.05,overcast clouds
424,aquiraz,BR,2022-05-13 21:03:18,-3.9014,-38.3911,81.18,88,93,11.03,overcast clouds
425,kisangani,CD,2022-05-13 21:00:24,0.5167,25.2,74.79,76,68,1.68,broken clouds
426,basoko,CD,2022-05-13 21:03:19,1.2391,23.616,74.19,85,98,2.68,light rain
427,polyarnyy,RU,2022-05-13 21:03:19,69.1989,33.4478,38.35,77,10,3.98,clear sky
428,lakes entrance,AU,2022-05-13 21:03:20,-37.8811,147.981,57.16,92,100,4.29,overcast clouds
429,veraval,IN,2022-05-13 21:03:21,20.9,70.3667,83.35,78,23,15.05,few clouds
430,xining,CN,2022-05-13 21:00:12,36.6167,101.7667,36.84,89,100,3.71,overcast clouds
431,gamba,GA,2022-05-13 21:03:21,-2.65,10.0,77.31,94,100,4.65,overcast clouds
432,shimoda,JP,2022-05-13 21:03:22,34.6667,138.95,69.1,97,100,18.21,moderate rain
433,russell,US,2022-05-13 21:03:22,32.3502,-85.1999,80.96,54,20,3.44,few clouds
434,port alberni,CA,2022-05-13 21:03:22,49.2413,-124.8028,52.12,74,100,8.99,overcast clouds
435,sabha,LY,2022-05-13 21:03:23,27.0377,14.4283,70.39,29,0,10.07,clear sky
436,blagoyevo,RU,2022-05-13 21:03:24,63.3667,47.9167,46.27,88,91,1.48,overcast clouds
437,leicester,GB,2022-05-13 21:01:24,52.6386,-1.1317,57.54,76,94,8.32,overcast clouds
438,pecos,US,2022-05-13 21:01:06,31.4229,-103.4932,95.86,2,0,0.0,clear sky
439,chuari khas,IN,2022-05-13 21:03:25,32.4333,76.0167,74.91,24,0,9.64,clear sky
440,jeremie,HT,2022-05-13 21:03:26,18.65,-74.1167,80.38,74,100,6.15,overcast clouds
441,pundaguitan,PH,2022-05-13 21:03:27,6.3711,126.1689,81.55,76,97,1.03,light rain
442,zanjan,IR,2022-05-13 21:03:27,36.6736,48.4787,43.2,77,1,5.01,clear sky
443,fort morgan,US,2022-05-13 21:03:28,40.2503,-103.8,75.85,9,0,18.41,clear sky
444,caronport,CA,2022-05-13 21:03:28,50.4501,-105.8179,43.74,92,100,21.94,light rain
445,port-gentil,GA,2022-05-13 21:03:29,-0.7193,8.7815,82.36,83,40,10.36,scattered clouds
446,lake jackson,US,2022-05-13 21:03:29,29.0339,-95.4344,90.03,59,75,12.66,broken clouds
447,monrovia,LR,2022-05-13 21:00:11,6.3005,-10.7969,81.07,84,41,8.39,scattered clouds
448,pemangkat,ID,2022-05-13 21:03:30,1.1667,108.9667,78.84,80,100,3.36,overcast clouds
449,ayna,PE,2022-05-13 21:03:30,-12.65,-73.9167,69.84,63,47,3.83,scattered clouds
450,bandarbeyla,SO,2022-05-13 21:03:31,9.4942,50.8122,81.82,88,99,20.87,overcast clouds
451,ulaangom,MN,2022-05-13 21:03:31,49.9811,92.0667,47.07,25,0,1.77,clear sky
452,bratsk,RU,2022-05-13 21:03:32,56.1325,101.6142,48.69,49,33,2.53,scattered clouds
453,portland,US,2022-05-13 21:01:42,45.5234,-122.6762,60.64,59,40,5.01,scattered clouds
454,norrtalje,SE,2022-05-13 21:03:32,59.758,18.705,53.02,66,100,8.03,overcast clouds
455,kilindoni,TZ,2022-05-13 21:03:32,-7.9139,39.6668,80.1,71,88,14.07,overcast clouds
456,anori,BR,2022-05-13 21:03:33,-3.7728,-61.6442,80.49,91,99,2.06,light rain
457,kitovo,RU,2022-05-13 21:03:33,56.8659,41.2825,47.44,81,19,13.53,few clouds
458,saint anthony,US,2022-05-13 21:03:34,45.0205,-93.218,76.66,44,0,13.8,clear sky
459,arman,RU,2022-05-13 21:03:34,59.7,150.1667,33.51,99,100,0.36,snow
460,nabire,ID,2022-05-13 21:03:35,-3.3667,135.4833,76.96,91,82,2.15,heavy intensity rain
461,saint-paul,RE,2022-05-13 21:03:35,-21.0096,55.2707,71.37,68,7,2.8,clear sky
462,nampa,US,2022-05-13 21:00:07,43.5407,-116.5635,61.84,44,0,9.22,clear sky
463,teguise,ES,2022-05-13 21:03:36,29.0605,-13.564,66.42,68,20,8.05,few clouds
464,doos,PH,2022-05-13 21:03:36,10.4653,124.7294,78.28,86,99,3.51,overcast clouds
465,maltahohe,NA,2022-05-13 21:03:37,-24.8333,16.9833,57.74,14,12,6.04,few clouds
466,belyy yar,RU,2022-05-13 21:03:37,53.6039,91.3903,39.09,52,0,2.24,clear sky
467,kumbo,CM,2022-05-13 21:03:37,6.2,10.6667,61.29,92,100,4.54,light rain
468,carahue,CL,2022-05-13 21:03:38,-38.7,-73.1667,50.32,67,69,5.06,broken clouds
469,sirnak,TR,2022-05-13 21:03:38,37.5228,42.4594,50.07,49,0,6.15,clear sky
470,campos belos,BR,2022-05-13 21:03:12,-13.0367,-46.7717,76.8,38,93,3.18,overcast clouds
471,whitianga,NZ,2022-05-13 21:03:39,-36.8333,175.7,57.4,73,46,6.82,scattered clouds
472,kenora,CA,2022-05-13 21:03:40,49.8167,-94.4337,66.78,48,50,18.99,scattered clouds
473,sao filipe,CV,2022-05-13 21:03:41,14.8961,-24.4956,74.98,71,7,9.37,clear sky
474,gueret,FR,2022-05-13 21:03:41,46.1667,1.8667,55.4,96,25,3.15,scattered clouds
475,fare,PF,2022-05-13 21:03:42,-16.7,-151.0167,81.0,73,5,18.41,light rain
476,yabrud,SY,2022-05-13 21:03:42,33.9674,36.6574,62.8,27,34,4.12,scattered clouds
477,axim,GH,2022-05-13 21:03:43,4.8699,-2.2405,81.19,85,99,10.42,overcast clouds
478,valparaiso,CL,2022-05-13 21:00:22,-33.0393,-71.6273,62.24,77,0,9.22,clear sky
479,panaba,MX,2022-05-13 21:03:43,21.2833,-88.2667,88.47,41,0,15.66,clear sky
480,coracora,PE,2022-05-13 21:03:44,-15.0333,-73.7833,58.75,42,47,8.95,scattered clouds
481,solnechnyy,RU,2022-05-13 21:03:44,50.7214,136.6319,43.99,55,34,1.52,scattered clouds
482,marathon,US,2022-05-13 21:03:45,44.9,-89.7668,90.93,28,20,16.11,few clouds
483,hailar,CN,2022-05-13 21:03:45,49.2,119.7,35.64,62,50,7.2,scattered clouds
484,port-de-bouc,FR,2022-05-13 21:03:46,43.4,4.9833,63.59,88,0,5.75,clear sky
485,havre,FR,2022-05-13 21:03:46,49.5833,0.3333,52.34,82,0,2.3,clear sky
486,marshalltown,US,2022-05-13 21:03:47,42.0494,-92.908,80.83,31,20,10.36,few clouds
487,la libertad,EC,2022-05-13 20:59:27,-2.2333,-80.9,78.46,73,40,13.8,scattered clouds
488,anajatuba,BR,2022-05-13 21:03:47,-3.2644,-44.6197,77.0,95,69,3.51,moderate rain
489,batagay-alyta,RU,2022-05-13 21:03:48,67.8006,130.4114,9.16,83,13,4.88,few clouds
490,kayasula,RU,2022-05-13 21:03:49,44.325,45.0,56.61,73,0,7.36,clear sky
491,yumen,CN,2022-05-13 21:03:49,40.2833,97.2,42.46,67,0,6.46,clear sky
492,camacha,PT,2022-05-13 21:03:50,33.0833,-16.3333,63.82,82,40,3.44,scattered clouds
493,quatre cocos,MU,2022-05-13 21:03:50,-20.2078,57.7625,71.71,72,54,12.95,broken clouds
494,nakamura,JP,2022-05-13 21:03:51,32.9833,132.9333,65.14,96,100,7.34,overcast clouds
495,jalu,LY,2022-05-13 21:03:51,29.0331,21.5482,70.77,53,35,18.12,scattered clouds
496,yurimaguas,PE,2022-05-13 21:03:51,-5.9,-76.0833,88.2,54,42,3.06,scattered clouds
497,maryborough,AU,2022-05-13 21:03:52,-25.5333,152.7,70.11,97,94,7.9,overcast clouds
498,benin,BJ,2022-05-13 21:03:52,9.5,2.25,72.25,85,100,10.98,light rain
499,santo amaro da imperatriz,BR,2022-05-13 21:03:53,-27.6881,-48.7786,67.01,92,71,1.3,broken clouds
500,skelleftea,SE,2022-05-13 21:03:53,64.7507,20.9528,43.0,55,35,3.44,scattered clouds
501,oktyabrskiy,RU,2022-05-13 21:03:53,54.4815,53.471,45.66,93,100,10.42,overcast clouds
502,telenesti,MD,2022-05-13 21:03:54,47.4997,28.3656,61.54,93,99,6.98,overcast clouds
503,japura,ID,2022-05-13 21:03:54,-0.3167,102.35,75.56,98,85,1.7,overcast clouds
504,jonesboro,US,2022-05-13 21:01:27,35.8423,-90.7043,88.84,65,0,17.27,clear sky
505,carutapera,BR,2022-05-13 21:03:55,-1.195,-46.02,78.39,89,51,7.18,light rain
506,okhotsk,RU,2022-05-13 21:03:56,59.3833,143.3,33.31,96,100,11.88,light snow
507,jodhpur,IN,2022-05-13 21:03:56,26.2867,73.03,90.01,27,0,16.93,clear sky
508,caravelas,BR,2022-05-13 21:03:56,-17.7125,-39.2481,75.52,79,7,6.69,clear sky
509,bima,ID,2022-05-13 21:03:57,-8.4667,118.7167,75.87,96,49,3.53,scattered clouds
510,lavrentiya,RU,2022-05-13 21:03:57,65.5833,-171.0,28.76,79,5,4.52,clear sky
511,kunming,CN,2022-05-13 21:01:10,25.0389,102.7183,61.75,90,64,5.06,light rain
512,ndjole,GA,2022-05-13 21:03:58,-0.1783,10.7649,75.67,96,16,2.08,light rain
513,waingapu,ID,2022-05-13 21:03:58,-9.6567,120.2641,76.71,86,32,4.27,scattered clouds
514,uvinza,TZ,2022-05-13 21:03:59,-5.1036,30.3911,68.74,86,88,2.01,overcast clouds
515,nizhniy tsasuchey,RU,2022-05-13 21:03:59,50.5167,115.1333,38.16,81,22,6.08,few clouds
516,champerico,GT,2022-05-13 21:04:00,14.3,-91.9167,93.74,59,14,8.9,few clouds
517,constitucion,CL,2022-05-13 21:00:56,-35.3333,-72.4167,58.32,61,36,13.38,scattered clouds
518,angoram,PG,2022-05-13 21:04:00,-4.0625,144.0661,73.83,95,79,0.67,broken clouds
519,linjiang,CN,2022-05-13 21:04:01,41.8069,126.9078,37.94,94,74,2.53,broken clouds
520,moju,BR,2022-05-13 21:04:01,-1.8839,-48.7689,77.85,94,61,3.18,broken clouds
521,tura,IN,2022-05-13 21:04:02,25.5198,90.2201,71.04,99,32,3.78,scattered clouds
522,trinidad,BO,2022-05-13 21:04:02,-14.8333,-64.9,83.3,65,8,4.12,clear sky
523,beira,MZ,2022-05-13 21:04:03,-19.8436,34.8389,71.28,83,0,5.14,clear sky
524,cairns,AU,2022-05-13 21:01:01,-16.9167,145.7667,73.06,97,40,1.14,scattered clouds
525,krasnoye,UA,2022-05-13 21:04:04,49.9145,24.6134,54.3,94,73,6.15,broken clouds
526,hamilton,US,2022-05-13 21:02:18,39.1834,-84.5333,85.95,47,20,8.05,few clouds
527,krutikha,RU,2022-05-13 21:04:05,53.9599,81.2093,57.74,43,42,5.41,scattered clouds
528,semey,KZ,2022-05-13 21:04:05,50.4111,80.2275,59.9,61,70,4.99,broken clouds
529,hambantota,LK,2022-05-13 21:04:06,6.1241,81.1185,79.48,87,98,18.16,light rain
530,kayerkan,RU,2022-05-13 21:04:06,69.3497,87.7602,34.93,100,100,6.08,overcast clouds
531,poum,NC,2022-05-13 21:04:07,-20.2333,164.0167,76.78,75,98,28.63,overcast clouds
532,jackson,US,2022-05-13 21:01:12,42.4165,-122.8345,65.88,49,100,2.84,overcast clouds
533,tshikapa,CD,2022-05-13 21:04:07,-6.4167,20.8,77.45,62,96,0.92,overcast clouds
534,ca mau,VN,2022-05-13 21:00:04,9.1769,105.15,80.4,87,100,3.71,overcast clouds
535,ballina,AU,2022-05-13 21:04:08,-28.8667,153.5667,67.78,85,100,13.67,overcast clouds
536,lardos,GR,2022-05-13 21:04:08,36.0942,28.0157,64.94,71,0,1.61,clear sky
537,cap malheureux,MU,2022-05-13 21:04:09,-19.9842,57.6142,70.47,76,34,3.0,scattered clouds
538,houston,US,2022-05-13 20:59:32,29.7633,-95.3633,95.31,50,40,9.22,scattered clouds
539,dongsheng,CN,2022-05-13 21:04:09,39.8161,109.9776,42.78,30,64,6.33,broken clouds
540,harper,LR,2022-05-13 21:04:10,4.375,-7.7169,81.3,83,78,10.45,broken clouds
541,progreso,MX,2022-05-13 21:01:45,21.2833,-89.6667,94.1,59,0,14.09,clear sky
542,ulladulla,AU,2022-05-13 21:04:10,-35.35,150.4667,62.08,90,20,4.54,few clouds
543,petrovsk-zabaykalskiy,RU,2022-05-13 21:04:11,51.273,108.843,36.28,70,29,2.21,scattered clouds
544,smalininkai,LT,2022-05-13 21:04:11,55.0735,22.5793,42.66,96,51,6.87,broken clouds
545,aksarayskiy,RU,2022-05-13 21:04:12,46.7924,48.0119,64.62,60,35,15.5,scattered clouds
546,barinas,VE,2022-05-13 21:04:12,8.6226,-70.2075,89.24,49,100,4.45,overcast clouds
547,yenagoa,NG,2022-05-13 21:04:13,4.9247,6.2642,77.76,92,44,4.88,scattered clouds
548,lahaina,US,2022-05-13 21:04:13,20.8783,-156.6825,86.0,73,50,5.93,scattered clouds
549,heilbron,ZA,2022-05-13 21:04:14,-27.2812,27.9709,57.6,46,100,1.97,overcast clouds
550,jaciara,BR,2022-05-13 21:02:43,-15.9653,-54.9683,82.4,47,61,2.06,broken clouds
551,otane,NZ,2022-05-13 21:04:14,-39.8833,176.6333,46.0,80,100,3.36,overcast clouds
552,sao joao da barra,BR,2022-05-13 21:04:15,-21.6403,-41.0511,73.49,74,99,10.13,overcast clouds
553,bahia blanca,AR,2022-05-13 21:04:15,-38.7196,-62.2724,54.99,39,84,6.96,broken clouds
554,zaozhuang,CN,2022-05-13 21:04:15,34.8647,117.5542,53.11,50,100,3.2,overcast clouds
555,la rioja,ES,2022-05-13 21:04:16,42.25,-2.5,60.58,80,17,6.15,few clouds
556,ambad,IN,2022-05-13 21:04:16,19.6167,75.8,86.92,40,48,10.8,scattered clouds
557,gryazovets,RU,2022-05-13 21:04:17,58.88,40.2525,44.87,94,100,15.35,moderate rain
558,marawi,PH,2022-05-13 21:04:17,7.9986,124.2928,70.02,90,100,1.68,overcast clouds
559,vallenar,CL,2022-05-13 21:04:18,-28.5708,-70.7581,72.07,33,0,6.13,clear sky
560,manzhouli,CN,2022-05-13 21:04:18,49.6,117.4333,36.25,80,44,7.23,scattered clouds
561,rovaniemi,FI,2022-05-13 21:04:19,66.5,25.7167,47.61,71,0,5.75,clear sky
562,jishou,CN,2022-05-13 21:04:19,28.3167,109.7167,61.05,74,100,8.01,overcast clouds
563,garmsar,IR,2022-05-13 21:04:19,35.2182,52.3409,64.22,39,100,8.61,overcast clouds
564,dubrovnik,HR,2022-05-13 21:04:20,42.6481,18.0922,65.84,88,0,2.3,clear sky
565,faya,SA,2022-05-13 21:04:20,18.3851,42.4509,70.32,20,3,10.71,clear sky
566,ustynivka,UA,2022-05-13 21:04:21,47.9551,32.5367,60.03,93,100,8.72,light rain
567,dzaoudzi,YT,2022-05-13 21:04:21,-12.7887,45.2699,80.49,78,0,6.91,clear sky
568,sechura,PE,2022-05-13 21:02:24,-5.5569,-80.8222,77.32,59,41,14.63,scattered clouds
569,asfi,MA,2022-05-13 21:04:22,32.2994,-9.2372,67.77,74,99,3.6,overcast clouds
570,kloulklubed,PW,2022-05-13 21:04:23,7.0419,134.2556,83.14,76,100,9.57,overcast clouds
571,siocon,PH,2022-05-13 21:04:23,7.7061,122.1353,78.69,87,100,1.59,overcast clouds
572,los llanos de aridane,ES,2022-05-13 21:02:33,28.6585,-17.9182,65.95,89,100,3.0,overcast clouds
573,merzifon,TR,2022-05-13 21:04:24,40.8733,35.4631,47.66,76,0,1.14,clear sky
574,warmbad,NA,2022-05-13 21:04:24,-28.45,18.7333,57.22,32,100,2.35,overcast clouds
575,college,US,2022-05-13 21:04:25,64.8569,-147.8028,45.21,80,75,5.75,broken clouds
576,auki,SB,2022-05-13 21:04:25,-8.7676,160.7034,79.34,85,49,2.71,scattered clouds
577,danielskuil,ZA,2022-05-13 21:04:26,-28.1887,23.5395,54.03,29,91,5.91,overcast clouds
578,puerto penasco,MX,2022-05-13 21:03:27,31.3167,-113.5333,78.91,60,12,8.99,few clouds
579,saint-augustin,CA,2022-05-13 21:04:26,51.226,-58.6502,48.96,47,100,14.38,overcast clouds
580,petrinja,HR,2022-05-13 21:04:27,45.4375,16.29,66.13,95,99,3.56,light rain
581,raudeberg,NO,2022-05-13 21:04:27,61.9875,5.1352,41.67,94,100,13.18,overcast clouds
582,bambanglipuro,ID,2022-05-13 21:04:28,-7.95,110.2833,79.34,86,88,3.2,overcast clouds
583,kajaani,FI,2022-05-13 21:04:28,64.2273,27.7285,37.45,93,0,1.14,clear sky
584,dubovskoye,RU,2022-05-13 21:04:29,47.4092,42.7575,56.07,75,57,13.85,broken clouds
585,newton,US,2022-05-13 20:59:35,42.337,-71.2092,87.3,58,3,5.99,clear sky
586,rampur hat,IN,2022-05-13 21:04:29,24.1667,87.7833,82.92,78,9,16.24,clear sky
587,kutum,SD,2022-05-13 21:04:30,14.2,24.6667,82.96,12,7,6.24,clear sky
588,murmashi,RU,2022-05-13 21:04:30,68.8154,32.8115,32.41,80,0,0.0,clear sky
589,nhulunbuy,AU,2022-05-13 21:04:31,-12.2333,136.7667,74.01,94,23,0.0,few clouds
590,wyndham,US,2022-05-13 21:04:31,37.6985,-77.6125,75.24,79,20,8.05,few clouds
591,udaipura,IN,2022-05-13 21:04:31,23.0833,78.5,94.3,16,0,12.55,clear sky
592,prieska,ZA,2022-05-13 21:04:32,-29.6641,22.7474,56.97,22,48,4.59,scattered clouds
593,ayr,GB,2022-05-13 21:04:32,55.4627,-4.6339,53.31,82,100,9.22,overcast clouds
594,bassar,TG,2022-05-13 21:04:33,9.25,0.7833,70.54,94,100,13.56,heavy intensity rain
595,praya,CV,2022-05-13 21:04:33,14.9215,-23.5087,79.34,38,0,26.46,clear sky
596,gandajika,CD,2022-05-13 21:04:34,-6.75,23.95,76.75,54,96,4.12,overcast clouds
597,cabedelo,BR,2022-05-13 21:04:35,-6.9811,-34.8339,79.47,79,81,9.91,broken clouds
598,torrevieja,ES,2022-05-13 21:02:33,37.9787,-0.6822,69.35,84,26,1.01,scattered clouds
599,mackenzie,CA,2022-05-13 21:00:12,55.2999,-123.1698,46.63,74,100,9.37,overcast clouds
600,ndola,ZM,2022-05-13 21:04:35,-12.9587,28.6366,60.6,65,49,6.31,scattered clouds
601,constantine,DZ,2022-05-13 21:04:36,36.365,6.6147,67.41,48,0,3.44,clear sky
602,iranshahr,IR,2022-05-13 21:04:36,27.2025,60.6848,85.64,14,0,5.12,clear sky
603,nalut,LY,2022-05-13 21:04:37,30.3333,10.85,67.8,26,0,8.95,clear sky
604,rafai,CF,2022-05-13 21:04:37,4.95,23.9167,70.0,97,91,3.04,overcast clouds
605,mabaruma,GY,2022-05-13 21:04:37,8.2,-59.7833,79.41,81,20,7.34,few clouds
606,colomi,BO,2022-05-13 21:04:38,-17.35,-65.8667,69.82,78,63,8.19,broken clouds
607,el reno,US,2022-05-13 21:04:38,35.5323,-97.955,87.19,59,40,14.97,scattered clouds
608,vao,NC,2022-05-13 21:04:39,-22.6667,167.4833,72.79,68,100,20.07,overcast clouds
609,sao gabriel da cachoeira,BR,2022-05-13 21:04:39,-0.1303,-67.0892,80.29,93,83,2.91,broken clouds
610,marana,US,2022-05-13 21:00:05,32.4367,-111.2254,96.21,5,37,9.46,scattered clouds
611,avera,US,2022-05-13 21:04:40,33.194,-82.5271,76.51,63,93,10.94,overcast clouds
612,darnah,LY,2022-05-13 21:04:40,32.767,22.6367,63.0,72,2,9.44,clear sky
613,dalnerechensk,RU,2022-05-13 21:04:41,45.9339,133.7225,48.79,67,100,1.74,overcast clouds
614,araouane,ML,2022-05-13 21:04:41,18.9048,-3.5265,89.26,10,25,13.29,scattered clouds
615,freeport,US,2022-05-13 21:04:09,40.6576,-73.5832,74.28,77,100,11.5,overcast clouds
616,belem de sao francisco,BR,2022-05-13 21:04:43,-8.7539,-38.9658,89.17,32,94,14.97,overcast clouds
617,richards bay,ZA,2022-05-13 21:04:44,-28.783,32.0377,66.09,90,33,4.63,scattered clouds
618,springfield,US,2022-05-13 21:04:30,37.2153,-93.2982,90.0,48,0,6.91,clear sky
619,greenville,US,2022-05-13 21:04:12,35.6127,-77.3663,78.82,79,40,4.61,scattered clouds
620,zakamensk,RU,2022-05-13 21:04:44,50.3741,103.2863,35.31,56,16,1.7,few clouds
621,tucurui,BR,2022-05-13 21:04:45,-3.7661,-49.6725,77.58,93,86,3.06,light rain
622,locri,IT,2022-05-13 21:04:45,38.2414,16.2623,65.32,75,0,14.36,clear sky
623,luba,GQ,2022-05-13 21:04:45,3.4568,8.5547,81.09,84,61,7.16,light rain
624,ilo,PE,2022-05-13 21:04:46,-17.6394,-71.3375,67.06,73,75,11.5,broken clouds
625,ukiah,US,2022-05-13 21:04:46,39.1502,-123.2078,76.15,53,40,13.8,scattered clouds
626,lasa,IT,2022-05-13 21:04:47,46.6166,10.7002,58.69,95,98,4.59,overcast clouds
627,deputatskiy,RU,2022-05-13 21:04:47,69.3,139.9,14.63,79,100,2.15,overcast clouds
628,innisfail,AU,2022-05-13 21:04:47,-17.5333,146.0333,69.08,87,20,4.54,few clouds
629,san antonio,US,2022-05-13 21:04:25,29.4241,-98.4936,92.98,36,100,12.66,overcast clouds
630,mosalsk,RU,2022-05-13 21:00:43,54.4881,34.9817,46.0,91,99,10.2,overcast clouds
631,kalaleh,IR,2022-05-13 21:04:48,37.3807,55.4916,56.03,96,100,6.42,light rain
632,zhaotong,CN,2022-05-13 21:04:49,27.3167,103.7167,59.59,89,100,2.66,overcast clouds
633,puerto plata,DO,2022-05-13 21:04:49,19.7934,-70.6884,85.91,79,75,11.5,broken clouds
634,strelka,RU,2022-05-13 21:04:50,58.0728,93.0344,48.02,68,32,3.85,scattered clouds
635,umm kaddadah,SD,2022-05-13 21:04:50,13.6017,26.6876,84.79,34,86,11.25,overcast clouds
636,dong hoi,VN,2022-05-13 21:04:51,17.4833,106.6,79.02,90,100,5.26,overcast clouds
637,martapura,ID,2022-05-13 21:04:51,-3.4167,114.85,75.29,100,100,3.44,fog
638,sinnamary,GF,2022-05-13 21:04:51,5.3833,-52.95,79.99,82,15,11.45,few clouds
639,svetlogorsk,BY,2022-05-13 21:04:52,52.6333,29.7333,50.27,78,100,4.94,overcast clouds
640,miles city,US,2022-05-13 21:04:52,46.4083,-105.8406,58.17,58,75,25.32,broken clouds
641,zaozerne,UA,2022-05-13 21:04:53,45.1582,33.2787,57.42,74,46,15.12,scattered clouds
642,port hardy,CA,2022-05-13 21:03:28,50.6996,-127.4199,50.7,59,100,14.0,overcast clouds
643,bakchar,RU,2022-05-13 21:04:53,57.0186,82.0711,53.01,46,12,4.27,few clouds
644,sitka,US,2022-05-13 21:01:19,57.0531,-135.33,47.86,73,85,6.53,light rain
645,bathsheba,BB,2022-05-13 21:04:54,13.2167,-59.5167,84.81,70,40,18.41,scattered clouds
646,adre,TD,2022-05-13 21:04:54,13.4667,22.2,86.77,20,35,6.82,scattered clouds
647,chapleau,CA,2022-05-13 21:04:55,47.8405,-83.4034,82.62,39,25,11.9,scattered clouds
648,west wendover,US,2022-05-13 21:04:55,40.7391,-114.0733,69.01,17,0,11.5,clear sky
649,mangrol,IN,2022-05-13 21:04:58,21.1167,70.1167,83.19,78,36,14.52,scattered clouds
650,vale,GE,2022-05-13 21:04:59,41.6156,42.8722,45.88,71,0,3.06,clear sky
651,clovis,US,2022-05-13 21:04:11,36.8252,-119.7029,80.2,28,0,6.91,clear sky
652,alofi,NU,2022-05-13 21:04:59,-19.0595,-169.9187,76.51,59,100,14.65,overcast clouds
653,nioro,GM,2022-05-13 21:05:00,13.35,-15.75,84.74,45,98,10.29,overcast clouds
654,imeni poliny osipenko,RU,2022-05-13 21:05:00,52.4201,136.4853,37.44,88,60,5.91,broken clouds
655,morro bay,US,2022-05-13 21:00:53,35.3658,-120.8499,88.09,27,0,9.91,clear sky
656,san jose,US,2022-05-13 21:01:38,37.3394,-121.895,80.69,43,20,16.11,smoke
657,praia da vitoria,PT,2022-05-13 21:05:01,38.7333,-27.0667,58.75,92,100,5.97,light rain
658,biggar,GB,2022-05-13 21:05:01,55.6167,-3.5167,51.91,86,100,11.99,overcast clouds
659,bin qirdan,TN,2022-05-13 21:05:02,33.1378,11.2197,69.15,47,0,11.74,clear sky
660,dhuburi,IN,2022-05-13 21:04:26,26.0333,89.9667,75.27,95,41,4.56,scattered clouds
661,port hawkesbury,CA,2022-05-13 21:01:29,45.6169,-61.3485,63.9,83,88,4.0,overcast clouds
662,purranque,CL,2022-05-13 21:02:41,-40.9167,-73.1667,50.29,77,99,1.21,overcast clouds
663,pacifica,US,2022-05-13 21:00:04,37.6138,-122.4869,80.62,77,0,18.41,clear sky
664,beatrice,US,2022-05-13 21:05:02,40.2681,-96.747,83.17,18,0,4.61,clear sky
665,thinadhoo,MV,2022-05-13 21:05:03,0.5333,72.9333,82.96,69,100,9.24,overcast clouds
666,viru,PE,2022-05-13 21:05:03,-8.4167,-78.75,72.39,66,63,6.67,broken clouds
667,biak,ID,2022-05-13 21:05:04,-0.9131,122.8766,75.99,86,100,1.34,overcast clouds
668,iwaki,JP,2022-05-13 21:05:04,37.05,140.8833,69.76,98,100,11.77,light rain
669,svetlaya,RU,2022-05-13 21:05:05,46.5389,138.3297,44.02,95,100,9.24,light rain
670,impfondo,CG,2022-05-13 21:05:05,1.6381,18.0667,74.84,84,70,2.13,broken clouds
671,malatya,TR,2022-05-13 21:00:40,38.5,38.0,42.85,53,0,3.44,clear sky
672,kargopol,RU,2022-05-13 21:05:06,61.5071,38.9456,43.09,97,100,3.87,light rain
673,mogadishu,SO,2022-05-13 21:05:06,2.0371,45.3438,81.07,84,89,15.05,overcast clouds
674,yerbogachen,RU,2022-05-13 21:05:07,61.2767,108.0108,39.0,94,97,3.71,overcast clouds
675,ajdabiya,LY,2022-05-13 21:05:07,30.7554,20.2263,65.55,67,0,12.3,clear sky
676,bone,DE,2022-05-13 21:05:07,51.9669,12.1396,54.99,65,100,6.26,overcast clouds
677,ankazobe,MG,2022-05-13 21:05:08,-18.3167,47.1167,57.78,87,25,3.74,scattered clouds
678,la grande,US,2022-05-13 21:05:09,45.3246,-118.0877,56.73,42,63,4.97,broken clouds
679,san jeronimo,PE,2022-05-13 21:05:09,-11.9472,-75.2829,61.95,45,90,1.1,overcast clouds
